depdelayminutes;depdelay;arrdelayminutes;airtime;crselapsedtime;actualelapsedtime;distance;year;flight_number_marketing_airline;flight_number_operating_airline;originairportid;originairportseqid;origincitymarketid;originstatefips;originwac;destairportid;destairportseqid;destcitymarketid;deststatefips;destwac;departuredelaygroups;taxiout;taxiin;arrdelay;arrivaldelaygroups;distancegroup;quarter;month;dayofmonth;dayofweek;crsdeptime;deptime;crsarrtime;arrtime;wheelson;wheelsoff;flightdate;diverted;depdel15;arrdel15;origin;dest;tail_number;origincityname;destcityname;airline;marketing_airline_network;operated_or_branded_code_share_partners;iata_code_marketing_airline;operating_airline;iata_code_operating_airline;originstate;originstatename;deststate;deststatename;deptimeblk;arrtimeblk;divairportlandings;dot_id_marketing_airline;dot_id_operating_airline;label;model1_prediction;model2_prediction;model3_prediction
0;0;0;41;64;64;174;2021;3887;3887;14952;1495203;34952;17;41;13930;1393007;30977;17;41;0;16;7;0;0;1;2;6;27;7;2021-06-27T06:20:00.000+03:00;2021-06-27T00:00:00.000+03:00;2021-06-27T07:24:00.000+03:00;2021-06-27T07:24:00.000+03:00;2021-06-27T00:00:00.000+03:00;2021-06-27T00:00:00.000+03:00;2021-06-27;0;0;0;SPI;ORD;N480HA;Springfield, IL;Chicago, IL;Air Wisconsin Airlines Corp;UA;UA_CODESHARE;UA;ZW;ZW;IL;Illinois;IL;Illinois;0600-0659;0700-0759;0;19977;20046;0.0;0.0;0.0;0.0
0;-18;0;143;180;172;1107;2021;943;943;15024;1502403;34945;78;4;13303;1330303;32467;12;33;-2;14;15;-26;-2;5;3;8;7;6;2021-08-07T15:05:00.000+03:00;2021-08-07T14:47:00.000+03:00;2021-08-07T18:05:00.000+03:00;1970-01-01T14:39:00.000+03:00;2021-08-07T17:24:00.000+03:00;2021-08-07T15:01:00.000+03:00;2021-08-07;0;0;0;STT;MIA;N929NN;Charlotte Amalie, VI;Miami, FL;American Airlines Inc.;AA;AA;AA;AA;AA;VI;U.S. Virgin Islands;FL;Florida;1500-1559;1800-1859;0;19805;19805;1.0;1.0;1.0;1.0
0;0;0;136;159;159;913;2021;2630;2630;13871;1387102;33316;31;65;11057;1105703;31057;37;36;0;16;7;0;0;4;3;8;6;5;2021-08-06T13:36:00.000+03:00;2021-08-06T00:00:00.000+03:00;2021-08-06T17:15:00.000+03:00;2021-08-06T17:15:00.000+03:00;2021-08-06T00:00:00.000+03:00;2021-08-06T00:00:00.000+03:00;2021-08-06;0;0;0;OMA;CLT;N810AW;Omaha, NE;Charlotte, NC;American Airlines Inc.;AA;AA;AA;AA;AA;NE;Nebraska;NC;North Carolina;1300-1359;1700-1759;0;19805;19805;0.0;0.0;0.0;0.0
0;0;0;208;231;231;1514;2021;2391;2391;13930;1393007;30977;17;41;12889;1288903;32211;32;85;0;16;7;0;0;7;3;8;10;2;2021-08-10T20:15:00.000+03:00;2021-08-10T00:00:00.000+03:00;2021-08-10T22:06:00.000+03:00;2021-08-10T22:06:00.000+03:00;2021-08-10T00:00:00.000+03:00;2021-08-10T00:00:00.000+03:00;2021-08-10;0;0;0;ORD;LAS;N480HA;Chicago, IL;Las Vegas, NV;United Air Lines Inc.;UA;UA;UA;UA;UA;IL;Illinois;NV;Nevada;2000-2059;2200-2259;0;19977;19977;0.0;0.0;0.0;0.0
0;-9;0;84;108;103;569;2021;5999;5999;10140;1014005;30140;35;86;11298;1129806;30194;48;74;-1;9;10;-14;-1;3;1;1;11;1;2021-01-11T12:43:00.000+03:00;2021-01-11T12:34:00.000+03:00;2021-01-11T15:31:00.000+03:00;1970-01-01T12:17:00.000+03:00;2021-01-11T15:07:00.000+03:00;2021-01-11T12:43:00.000+03:00;2021-01-11;0;0;0;ABQ;DFW;N925FJ;Albuquerque, NM;Dallas/Fort Worth, TX;Mesa Airlines Inc.;AA;AA_CODESHARE;AA;YV;YV;NM;New Mexico;TX;Texas;1200-1259;1500-1559;0;19805;20378;1.0;1.0;1.0;1.0
0;0;0;72;95;95;472;2021;3532;3532;13871;1387102;33316;31;65;11292;1129202;30325;8;82;0;16;7;0;0;2;1;1;25;1;2021-01-25T18:20:00.000+03:00;2021-01-25T00:00:00.000+03:00;2021-01-25T18:55:00.000+03:00;2021-01-25T18:55:00.000+03:00;2021-01-25T00:00:00.000+03:00;2021-01-25T00:00:00.000+03:00;2021-01-25;0;0;0;OMA;DEN;N7864B;Omaha, NE;Denver, CO;Southwest Airlines Co.;WN;WN;WN;WN;WN;NE;Nebraska;CO;Colorado;1800-1859;1800-1859;0;19393;19393;0.0;0.0;0.0;0.0
78;78;84;98;115;121;623;2021;5898;5898;12003;1200305;31895;30;84;11292;1129202;30325;8;82;5;8;15;84;5;3;3;7;14;3;2021-07-14T14:44:00.000+03:00;2021-07-14T16:02:00.000+03:00;2021-07-14T16:39:00.000+03:00;1970-01-01T15:03:00.000+03:00;2021-07-14T17:48:00.000+03:00;2021-07-14T16:10:00.000+03:00;2021-07-14;0;1;1;GTF;DEN;N143SY;Great Falls, MT;Denver, CO;SkyWest Airlines Inc.;UA;UA_CODESHARE;UA;OO;OO;MT;Montana;CO;Colorado;1400-1459;1600-1659;0;19977;20304;1.0;1.0;1.0;1.0
0;0;0;67;90;90;436;2021;636;636;11259;1125904;30194;48;74;13495;1349505;33495;22;72;0;16;7;0;0;2;3;9;1;3;2021-09-01T06:00:00.000+03:00;2021-09-01T00:00:00.000+03:00;2021-09-01T07:30:00.000+03:00;2021-09-01T07:30:00.000+03:00;2021-09-01T00:00:00.000+03:00;2021-09-01T00:00:00.000+03:00;2021-09-01;0;0;0;DAL;MSY;N480HA;Dallas, TX;New Orleans, LA;Southwest Airlines Co.;WN;WN;WN;WN;WN;TX;Texas;LA;Louisiana;0600-0659;0700-0759;0;19393;19393;0.0;0.0;0.0;0.0
0;0;0;147;170;170;1052;2021;128;128;12391;1239103;31703;36;22;14027;1402702;34027;12;33;0;16;7;0;0;5;3;9;9;4;2021-09-09T13:35:00.000+03:00;2021-09-09T00:00:00.000+03:00;2021-09-09T16:25:00.000+03:00;2021-09-09T16:25:00.000+03:00;2021-09-09T00:00:00.000+03:00;2021-09-09T00:00:00.000+03:00;2021-09-09;0;0;0;ISP;PBI;N221WN;Islip, NY;West Palm Beach/Palm Beach, FL;Southwest Airlines Co.;WN;WN;WN;WN;WN;NY;New York;FL;Florida;1300-1359;1600-1659;0;19393;19393;0.0;0.0;0.0;0.0
